tweet_text,cyberbullying_type,toxicity,is_cyberbullying,predicted
RT @goodfoodAU: A restaurant AND a cookbook for #mykitchenrules twins Helena and Vikki. #mkr http://t.co/jopkwkiYqH,not_cyberbullying,0.01017851,0,0
@Qoloob4 @Vandaliser @sajid_fairooz @IsraeliRegime I don't care about an idiot with an absurd opinion.,not_cyberbullying,0.76197964,0,0
@YouSoFancy oh MAN!! Not sure it gets better than Timbaland.,not_cyberbullying,0.04735767,0,0
The Bully at Work: What You Can Do to Stop the Hurt and Reclaim Your Dignity on the Job http://dlvr.it/bn8wZ,not_cyberbullying,0.1460314,0,0
@harmlesstree2 Here 11 https://t.co/xWJzpSodGj,not_cyberbullying,0.009738698,0,0
"RT @BastardKeith: Over $100,000 has been raised for Darren Wilson. But man, why must liberals bring RACE into this?! It's about...oh. http:‚Ä¶",not_cyberbullying,0.3302291,0,0
Some people need to get off the computer and get a life and stop bullying people!!!,not_cyberbullying,0.36095104,0,0
@Palestine_UN @isra_jourisra They were connected to the Muslim Brotherhood.,not_cyberbullying,0.041915078,0,0
"@miltonn eu uso a minha beeem assim, e ainda tem gente que me chama de Restart, Bullying.",not_cyberbullying,0.20335422,0,0
@JoRitson Do humanity a favor and jump in a hole and pull the dirt in over you.,not_cyberbullying,0.63782936,0,0
RT @curdistani: Kurdish forcec #YPG and allies cleansed Qaraqawzaq bridge area from ISIS terrorists #TwitterKurds #Kobane,not_cyberbullying,0.13041082,0,0
@sheeeneee That's goooood! Call me tmr baby. I'm not going school so wake me up before you leave okay.,not_cyberbullying,0.19124292,0,0
Thanks today! Successful nge-Bully-nya haha @sarahmuharani @andienpp @ViviOlvita jg @sheryol,not_cyberbullying,0.08795626,0,0
"What happened to all those friends in that car with her?‚Äú@eonline: Rebecca Black Drops Out of School, Blames Bullying http://t.co/kbAWtYv‚Äù",not_cyberbullying,0.16331999,0,0
"@luan_conta bullying mesmo foi voc√™ falando que parecia que a menina tava num ensaio, nao cantando pro show o:",not_cyberbullying,0.28312725,0,0
Portland IKEA: now with birds!,not_cyberbullying,0.020842785,0,0
@jaymgates on behalf of engineers I'm offend- okay no I'm not.,not_cyberbullying,0.06579731,0,0
@MelBiebs69 @haroonstyles @halalflaws @greenlinerzjm @biebervalue Come on. Let's do it one verse at a time. Everybody verify what it says.,not_cyberbullying,0.04686289,0,0
So apparently the saloon bar in msp decided to steal my jacket because I'm dating @DuncanBlackXXX .. Real,not_cyberbullying,0.25462922,0,0
Being a feminist can be so incredibly fucking lonely offline.,not_cyberbullying,0.71760553,0,0
RT @ohmyloz: De-constructed is code word for 'fell on the floor' right? #MKR,not_cyberbullying,0.04240986,0,0
Someone posted this on facebook in response to that woman tweeting at me earlier today. ^.^ http://t.co/bY9wkRELYO,not_cyberbullying,0.048842013,0,0
"RT @ikralla: Khadgar, you're so sassy. http://t.co/H1zs9V2wl4",not_cyberbullying,0.23812068,0,0
"take that Kat &amp; Andre, scum of the earth LOL #mkr. I just can't with them... #mykitchenrules.",not_cyberbullying,0.50759226,0,0
Dare I say it? Had fun hanging out with a friend from the IGDA in a non-IGDA capacity. So very collusion. How ethics. Much wow.,not_cyberbullying,0.06817148,0,0
Uncooked egg....üò∑ vomit,not_cyberbullying,0.3722269,0,0
Surely we are being Punked #MKR,not_cyberbullying,0.15158679,0,0
@HeartNielkys_ me too im soooo over this semester I cant wait to finish,not_cyberbullying,0.028149333,0,0
#mkr the way kat looks at Annie is like she's stearing into her soul it's just creepy,not_cyberbullying,0.3827457,0,0
Retail News: Bad call: Telstra accused of bullying http://goo.gl/fb/cKweg,not_cyberbullying,0.11098998,0,0
if you don't know about the old old old school songs something is wrong.,not_cyberbullying,0.16043124,0,0
RT @Msloulou77: These people are seriously deluded to think they have any 'future in food' beyond eating it. #MKR,not_cyberbullying,0.085582085,0,0
Something is going on :O :O,not_cyberbullying,0.02685301,0,0
Life not worth living without family,not_cyberbullying,0.05230548,0,0
Niggahs Just Became Gotti Fans On The 6th One üòí,not_cyberbullying,0.63782936,0,0
Can men please stop shooting people for a goddamn second?,not_cyberbullying,0.6308517,0,0
@RyanGebble Yeah male Shepard is just so DIFFERENT and INTERESTING like all the other white male protags in every game ever,not_cyberbullying,0.25462922,0,0
@tarkasteve awww. I felt scattered as heck. I need sleep :P,not_cyberbullying,0.16331999,0,0
"GamerGate is trying to do damage control, hard. I don't think they realize that there's nothing left for them to salvage.",not_cyberbullying,0.09655223,0,0
I want to try a old-fashioned. Maybe it'll become my drink of choice. #classyandfabulous,not_cyberbullying,0.03734144,0,0
@jwinno #AskJosh Can you tweet me so I can fangirl in the middle of class? &lt;33 Love you.,not_cyberbullying,0.16678599,0,0
"I just can't get over how wadhwa wouldn't believe that woman was a dev because on Twitter, you can ""be anybody""",not_cyberbullying,0.165053,0,0
Omg Stewart has a long middle finger!! Lol!!,not_cyberbullying,0.25462922,0,0
"RT @JamilahLemieux: Today's news will assert that a crazy, White outlier attempted to bomb an NAACP office, and that Islam carried out a te‚Ä¶",not_cyberbullying,0.4269174,0,0
Kat and Andre are honestly the most annoying spiteful just irritating muppets I have ever seen They won't go home but fuck I hate them #MKR,not_cyberbullying,0.8988238,0,0
Spanish class was bomedy in high school lol,not_cyberbullying,0.32397532,0,0
*everyone acts surprised*,not_cyberbullying,0.024613906,0,0
"My nose is runny, I lost my hair tie, I have a midterm due at midnight, and my eye is twitching. #notokay #getthroughit #noooo #collegeprobs",not_cyberbullying,0.051068526,0,0
@jsimmonsdubcity YOU ALREADY KNOW !! IM GOOD ALIVE AND WELL HOWS THE FAM?,not_cyberbullying,0.09033044,0,0
@MaryForbes14 @arrowsmithwoman @marieharf Where does that info come from?,not_cyberbullying,0.015833238,0,0
@MoneyyTalkz huh,not_cyberbullying,0.008293601,0,0
K! Now I see why coaches get mad when the players go out late at night. #Exhausted,not_cyberbullying,0.11202335,0,0
@ottomanland @loveconcursall Brilliant how the English spy and t Israelis got Erdogan to let all those terrorists into Syria through Turkey,not_cyberbullying,0.32289913,0,0
"@hassanfarias O problema √© que hoje em dia as pessoas confundem cr√≠tica, ou simplesmente falar a verdade, com bullying, a√≠ fica dif√≠cil.",not_cyberbullying,0.039935954,0,0
Prob not breakfasting the Paleo diet Pete but it's right up there with Pizza in my breakfast book! #MKR,not_cyberbullying,0.013131535,0,0
i was borned with_______,not_cyberbullying,0.112333365,0,0
"Make ha succ my din'iccc til deh bitch hiccup , &amp; when she call my phi'none ionn even PICCUP !",not_cyberbullying,0.7675452,0,0
"@freebsdgirl s/udent, j/udent, lawyer, j/",not_cyberbullying,0.031449065,0,0
@onwardedge @rrubick thanks Kevin..I do love football and especially high school where it means so much to them,not_cyberbullying,0.016838523,0,0
Who would be the Pretty little liars on AU campus!!! #interesting,not_cyberbullying,0.4014846,0,0
Oh that was a typo guys. For dessert you get SorbeNt. You'll need it after the spatchcock #mkr,not_cyberbullying,0.37751234,0,0
@purposelyflawed http://t.co/P6KTLT0XBZ,not_cyberbullying,0.026735162,0,0
@adnanifares There were no chemical missles fired. The Pesh hit ISIS chemical weapons with their rockets.,not_cyberbullying,0.17805049,0,0
"@SFtheWolf @max2000warlord people confuse empathy with being scared, and that says more about them than anything.",not_cyberbullying,0.05378982,0,0
@LynnMagic let this be the start of a new trend. Selfie with random boobpillow.,not_cyberbullying,0.3561489,0,0
@cdnKhadija @johnnygjokaj @BilalIGhumman @98Halima @rfrankh53 Conspiracy garbage.,not_cyberbullying,0.25462922,0,0
Without a struggle when is there ever victory?,not_cyberbullying,0.03734144,0,0
#MKR‚Äù,not_cyberbullying,0.021432023,0,0
I cleaned my room now im doin my motherly duties,not_cyberbullying,0.1996317,0,0
@UnitePink my apt complex turns away all packages ‚ù§Ô∏è,not_cyberbullying,0.015958898,0,0
"RT @ThatSabineGirl: Cis people: If you support trans ppl, do NOT watch #TheDanishGirl. And especially, don't watch it then act like you kno‚Ä¶",not_cyberbullying,0.38601747,0,0
Turned the tele off. How did tinyteeth and spindle do in #MKR #MKR2015  ?,not_cyberbullying,0.09741997,0,0
Fourth Circuit Court Upholds School Discipline Of Student For Internet Bullying http://ht.ly/670ev #bullying #sm #schools,not_cyberbullying,0.09438288,0,0
I would say Josh take your top off...but I feel like we'd be underwhelmed #mkr #wherearethehotmen,not_cyberbullying,0.0665887,0,0
@CoralineAda i like you.,not_cyberbullying,0.011120965,0,0
"How could you just walk away from the person that at one time, you wanted to be with forever.?",not_cyberbullying,0.030506283,0,0
"nossa mano, a erika num sabe me dar oi normal como todas as pessoas, ela tem que me bater .. isso √© bullying ta dona",not_cyberbullying,0.5532103,0,0
This yogurt made my morningg :),not_cyberbullying,0.037105743,0,0
@iL0laH3art friggin me up since last night so she better answer wen I call,not_cyberbullying,0.3977292,0,0
"Oh yeah, car? well, ur face has no traction.",not_cyberbullying,0.37751234,0,0
RT @LynneMcGranger: #MKR ooooooh C'mon #blondebutchers ! Livers crossed!! :),not_cyberbullying,0.071337044,0,0
RT @fredwimpy: Hollywood Moron of the Day #tcot #2A LIAM NEESON ON PARIS ATTACK: US GUN OWNERSHIP ‚ÄòA [BLEEPING] DISGRACE‚Äô http://t.co/iZtgY‚Ä¶,not_cyberbullying,0.37458646,0,0
Hanging out outside the Marriott marquis across from GDC. Come say hi. :P,not_cyberbullying,0.12520397,0,0
RT @gerfingerpoken: Americans Prefer #AmericanSniper Over Obama Empty Chair http://t.co/p3ByZARaG4 ‚Ä¶ #IBDeditorials via @IBDinvestors - htt‚Ä¶,not_cyberbullying,0.104795754,0,0
"@El_Universal_Mx en cuanto le sigan dando propaganda en las novelas, revistas, radios y pel√≠culas, nunca se erradicar√° #bullying",not_cyberbullying,0.11223003,0,0
bro i am so pro i can cook 2 minute noodles #mkr #moreprothanyou,not_cyberbullying,0.05280026,0,0
@GrayFylan ‚ù§Ô∏è‚ù§Ô∏è,not_cyberbullying,0.0045551974,0,0
RT @PatriceChienne: I honestly think Kat has mental health issues. #mkr,not_cyberbullying,0.37751234,0,0
@KirinDave not bad. sad that i just ordered my new ASUS yesterday. :P,not_cyberbullying,0.01859777,0,0
I'm soo loving the show @mykitchenrules #mkr #lovingit #melbourne #gatherthepack,not_cyberbullying,0.02402467,0,0
@IUseVATSTooMuch @anansi234 nah. A *really* bad data scientist with the worst sourcing methodologies ever,not_cyberbullying,0.32764325,0,0
"If a ""college scout"" saw that hit , he would have laughed...",not_cyberbullying,0.14082454,0,0
"RT @MolksTVTalk: Tonight's dessert is called ""Remains of the Day"". #MKR",not_cyberbullying,0.027324399,0,0
Girl you special like a met you in a slow class üòâ,not_cyberbullying,0.2854733,0,0
stan got this A+ last word before blocking me: Ever heard of caustic #sarcasm? Rename yourself @yesyoureaBellend Thanks Awfully *mwah!* xxx,not_cyberbullying,0.4014846,0,0
@NATgotemall never that not me lls,not_cyberbullying,0.05725329,0,0
SASSY looks rubbish! I would not eat there #mkr,not_cyberbullying,0.62702215,0,0
Class from Campbell that.,not_cyberbullying,0.011435116,0,0
@DynamoFilistin http://t.co/6OQ8fC1u9w,not_cyberbullying,0.017969469,0,0
"RT @EzidiPress: Nar√Æn, a young #Ezidi women from Shingal who was abducted, enslaved, sold and raped by ISIS terrorists, committed suicide i‚Ä¶",not_cyberbullying,0.40060925,0,0
@BrianaHart13 @FerminLaura hurry up and get to 10k tweets I swear you guys have been at the same tweets for. Years.,not_cyberbullying,0.040430736,0,0
RT @SarahSchwartz: More women have died from domestic violence in the last decade than soldiers have been killed in Iraq &amp; Afghanistan #Yes‚Ä¶,not_cyberbullying,0.20172562,0,0
@jgray0711 I like it! #mkr,not_cyberbullying,0.020231359,0,0
"There's No Such Thing As A Bully: Adults, Too?: When a student makes a very important observation, the author is... http://t.co/wITIZFU",not_cyberbullying,0.15490346,0,0
I don't miss high school!!,not_cyberbullying,0.05378982,0,0
Annie &amp; Lloyd are serving leftover dinner for breakfast. Why? #mkr,not_cyberbullying,0.028149333,0,0
High achieving #Latinos who don't conform to stereotypes are vulnerable to the effect #bullying has on grades.  http://t.co/vqbp1cX,not_cyberbullying,0.23451406,0,0
@Ammaawah @jm111t So you are not insulted when the prophet calls women stupid? http://t.co/G2caS5blLN,not_cyberbullying,0.47886392,0,0
"@microsoft_cares Sounds like a plan, Matthew! Be sure to get some pictures of you &amp; your new #Surface!",not_cyberbullying,0.037105743,0,0
RT @a_man_in_black: This article is shit but lol @GRIMACHU losing an argument with @randi_ebooks made Buzzfeed. #gamergate http://t.co/icWb‚Ä¶,not_cyberbullying,0.4269174,0,0
YOU CAN ASPHYXIATE A DISENGAGE WHAAAAAT,not_cyberbullying,0.37955463,0,0
"@Loquori yes. although my funds are rather limited, so trying to find someone that has a spare. &gt;.&gt;",not_cyberbullying,0.037577134,0,0
I thought everyone on Twitter hated the butcher/promo girls when they were saying mean &amp; self-absorbed stuff about other contestants? #mkr,not_cyberbullying,0.25462922,0,0
@seanbonner @metsfan anything that requires a government ID is a privacy concern. anything that requires money is a bad idea forever.,not_cyberbullying,0.025792383,0,0
#FateNumberFor,not_cyberbullying,0.057005897,0,0
RT @zellieimani: The recent shooting in Berkeley is not an isolated event. A Black person is killed every 28 hours. It's right on schedule.‚Ä¶,not_cyberbullying,0.37751234,0,0
Estou sofrendo bullying ( @DiiegoFernando @pocaai @NE_bruno ) HUAHUHA,not_cyberbullying,0.091913216,0,0
@SoFaKingSexii @FallBack_Shawty heck yea we do time for some boys,not_cyberbullying,0.3047732,0,0
@yvss1513 @XimenaYuriria Ashhh ni se quejen que Uds. Igual me hacen bullying ehhh POBRE de MI!!!!,not_cyberbullying,0.17285149,0,0
Reminder: A bully always hurts someone weaker than himself. He will never go after someone he isn't sure he can overwhelm physically.,not_cyberbullying,0.17631748,0,0
"@scottyswaggod men are the ones that are going to push the real change. they are the ones in power, generally. we need their help.",not_cyberbullying,0.04760506,0,0
Bullying http://t.co/sbHjDUt via @youtube,not_cyberbullying,0.10870059,0,0
"@grexican Free speech, science, AND evolution!? The Fedora Trifecta!!",not_cyberbullying,0.12867521,0,0
Come on Sheri and Em you can't go to sudden death love you xx good luck #mkr #mkr2015,not_cyberbullying,0.2191003,0,0
@SlaunchaMan that's still not my login for freebsd. :P,not_cyberbullying,0.027560094,0,0
@MclendonLakisha That is a lie.  The prophet Mohammed had people executed for criticizing him.,not_cyberbullying,0.3367073,0,0
RT @nicwkelly: If this horrendousness beats Lynn and Tony the angels I'll be so sad #MKR,not_cyberbullying,0.20009702,0,0
RT @andyrewbooth: #MKR2015 #MKR http://t.co/mD9TyU1MOn,not_cyberbullying,0.011435116,0,0
@mutaSawwif Your crying is not about caring for humanity. It is simply propagandizing your agenda.,not_cyberbullying,0.20839658,0,0
"Yeah, the nights been shit so far......let's make it worse",not_cyberbullying,0.76197964,0,0
gente n√£o precisa vim com bullying pq meu email √© foda ok KKK,not_cyberbullying,0.78207105,0,0
@TacyBarbosa1  TO SOFRENDO BULLYING KKKKKKKKKKKKKKKKKKKKKKKKKKKKKKKKKKKKKKKKKKKKKKKKKKKKKKKKKKKKKKKKKKKKKKKKKKKKKKKKKKKKKKKKKKKKKKKKKKKKKKKK,not_cyberbullying,0.36095104,0,0
@BrianHallDev @sindarina not fond of the idea of creating features with a money barrier.,not_cyberbullying,0.023553278,0,0
Follow News Reports Of #BrandonMcInerney Shooting Death Of #LarryKing Trial http://t.co/WgrutwF #Gay #GLBT #LGBT #Bullying #Murder,not_cyberbullying,0.32764325,0,0
One thing's certain - we're pretty sad we won't get to sample the BBQ breakfasts! Which team would you head over to first? #MKR #tvweekmag,not_cyberbullying,0.022964042,0,0
Deconstructed mean rustic now. Good to know. I make deconstructed stuff all the time then. #mkr,not_cyberbullying,0.044636376,0,0
Kat just loving the negative reviews. #MKR,not_cyberbullying,0.07845957,0,0
Going to get Taylor swifts new cd and lay my sick ass in bed and listen to it,not_cyberbullying,0.7510937,0,0
Go Manu! #mkr,not_cyberbullying,0.017843807,0,0
Why Workplace Bullying Should Be Legal http://dld.bz/abaEJ,not_cyberbullying,0.1587729,0,0
I want to see Ash and Camilla win this show #MKR,not_cyberbullying,0.021314176,0,0
RT @connollyisking: @YesYoureSexist To judge me as a parent.... I feel sorry for you. I'm merely pointing out that the physical confrontati‚Ä¶,not_cyberbullying,0.112643376,0,0
@katisbanned a TI t quer√≠a decir que te vi en la tv y q sal√≠as linda pero q = t har√≠a bullying. Se lo dije a tu kissmyass sin querer =(,not_cyberbullying,0.37751234,0,0
"RT @shanley: First step is doxxing and death threats, which immediately destabilizes the target's most fundamental sense of safety and secu‚Ä¶",not_cyberbullying,0.19504376,0,0
@wanyinglah hehehee trying to! But now very tempted!!!,not_cyberbullying,0.032863233,0,0
@_Kurda_ Baghdadi's little torch show will cost him a thousand Daesh at the hands of the Jordanians.,not_cyberbullying,0.3281604,0,0
"@stevenamoney And they're both good additions, although quiet lately. 3D know the business. Bully is a great heel, and Devon got buff!",not_cyberbullying,0.085582085,0,0
[EN] Conservative MP‚Äôs Family Falls Victim to Online Bullying: http://t.co/emqbRt0,not_cyberbullying,0.11098998,0,0
I am supperrrrrrr bored.,not_cyberbullying,0.103060275,0,0
Uncooked egg....üò∑ vomit #mkr,not_cyberbullying,0.3286776,0,0
RT @Iranianatheist1: Bill warner: Islam versus Crusades. https://t.co/ykA0Awvria,not_cyberbullying,0.11440011,0,0
"RT @G__Syd: if it's a Kat and Annie showdown, the 'sudden death' could be literal. #mkr",not_cyberbullying,0.2043827,0,0
@ZhanaelDaiche it's basically what we already do in game. :P,not_cyberbullying,0.01608456,0,0
@NedGilmore i think it was clefthoof meat?,not_cyberbullying,0.11036996,0,0
minha amiga Ariadna n√£o foi pra escola hoje porque est√° sofrendo Bulling HSUAHSUAH,not_cyberbullying,0.23451406,0,0
"O menino admitiu que foi v√≠tima de bullying, e pra chamar aten√ß√£o, criou essa hist√≥ria se declarando nazista e que mataria todos",not_cyberbullying,0.2412222,0,0
My daddy was a bedroom bully.. & had a bully baby,not_cyberbullying,0.44039994,0,0
@AbuYigitAlCahrz @LeonardoMaxwel1 Did the western media put these heads on stakes? http://t.co/7EbGaw5WUC,not_cyberbullying,0.103928015,0,0
That's just sloppy shit on a plate - deconstructed really - give it up for disaster  #mkr,not_cyberbullying,0.7856813,0,0
@98Halima @rfrankh53 @BilalIGhumman @johnnygjokaj Have you noticed how ISIS prices women in the slave market?,not_cyberbullying,0.30452284,0,0
Let's not forget that Joan Rivers was a privileged asshole who whined constantly about her lack of rights to tell oppressive jokes.,not_cyberbullying,0.68408644,0,0
"@Ghanin97 @unknownboy25 deyh, who u tweeting about?",not_cyberbullying,0.03875561,0,0
They be highschool sweethearts nshit. RT @PoLoNicole It ain't too early fa this ? Lol RT @_GoldyyLocks Mezikans be forever in love,not_cyberbullying,0.4269174,0,0
@mykitchenrules what is the difference between hot cakes and pancakes #mkr,not_cyberbullying,0.035220183,0,0
#SelfDefense The Best Martial Art for stopping Bullying http://t.co/cQajVOl,not_cyberbullying,0.07371122,0,0
OOOOOOO Imma fuck that nigga up,not_cyberbullying,0.91625386,0,1
"The desire to say something mean, to gossip, to complain‚Äîto just somehow get rid of aggression‚Äîis like a tidal wave. Chodron",not_cyberbullying,0.13908891,0,0
RT @salvodan: @freebsdgirl http://t.co/A2I2K4as1u,not_cyberbullying,0.02249265,0,0
Ooo... I can see this going somewhere... Hehehe.,not_cyberbullying,0.025792383,0,0
"Calling someone sexist = worse than sexism. I'm glad of the daily allotment of male tears, though, they keep my skin fresh and dewy",not_cyberbullying,0.28312725,0,0
I feel like change is gonna happen soon.,not_cyberbullying,0.01834645,0,0
@tpstigers depends on the artist ;) my outfit has a cape.,not_cyberbullying,0.025556687,0,0
Over 750 dining dollars and 47 meal swipes that need used before the end of the semester.. Here come that freshman fifteen..,not_cyberbullying,0.0201057,0,0
@Te4m_NiGhtM4Re http://t.co/5Ih7MkDbQG,not_cyberbullying,0.013822667,0,0
#iwishyouwouldturnmedown and you be waitin on a ride to Bully every friday,not_cyberbullying,0.3389984,0,0
@mauvedeity i had a rescue puppy named rj45. :),not_cyberbullying,0.034984488,0,0
Anger over bullying at work talks: A ROW has erupted between Central Beds Council (CBC) and workers‚Äô union GMB a... http://bit.ly/quVhWD,not_cyberbullying,0.046368107,0,0
Kat and Andre do not deserve to be in the competition #dogs #mkr,not_cyberbullying,0.36043653,0,0
"I'm hopeless. I spent my day reading again. Not packing, not learning a new piece, not exercising whatever. Just plain reading. Uh-oh",not_cyberbullying,0.038519915,0,0
#itreallymakesmemad when people think harassing/bullying/bitching out people is cute.,not_cyberbullying,0.44039994,0,0
"RT @Awkward_Duck: Too many asking protests not be disruptive. That's the entire point! We're here to interrupt the status quo, not plan aro‚Ä¶",not_cyberbullying,0.05799546,0,0
@instantrestaruantredemption #MKR this series going til Christmas?,not_cyberbullying,0.01859777,0,0
@shehzilk @watan71969 At least Churchill got it right. http://t.co/Bjgk9PdUUO,not_cyberbullying,0.024731753,0,0
"And he's an author. You know, someone who needs empathy to perform his job. http://t.co/mQeFE8SuH0",not_cyberbullying,0.034984488,0,0
"@Gareth_Simms She writes for NME a lot. The only thing right about it is the track names, which says so much about current NME form.",not_cyberbullying,0.018723432,0,0
"RT @JakeM_1998: RT BillSpindle: It's all about power at the top, but for fighters on the ground #Tikrit is religious war on both sides ‚Ä¶",not_cyberbullying,0.103928015,0,0
"RT @join_oapi: Great article! Wired | Curbing Online Abuse Isn't Impossible, Here's Where We Start http://t.co/MJEj6niarc",not_cyberbullying,0.049831573,0,0
this is a retarded  question but what's the Pokemon in your avatar,not_cyberbullying,0.4269174,0,0
"@NewIdeamagazine No, that kid is just a brat #mkr",not_cyberbullying,0.45090583,0,0
"And a 7 for ""smear of lemon tart""??? #MKR",not_cyberbullying,0.027324399,0,0
"Those kids will never learn that every time they do something to harass me like this, more people learn about my work to stop harassment.",not_cyberbullying,0.13214645,0,0
"In short, this is the most hilarious GamerGate BSD fail I have ever seen. #FreeBSD #OpenBSD #PCBSD http://t.co/poaOZ93QEf",not_cyberbullying,0.059974585,0,0
"Usa brinco de ziper, crocs, cal√ßa verde neon e ainda reclama que sofre bullying",not_cyberbullying,0.16331999,0,0
WITHOUT YOU BE I'D BE MISERABLE AT BEST,not_cyberbullying,0.44573322,0,0
@kencf0618 asking people to read some of the shit they've received and provide a video of themselves doing so is no small thing.,not_cyberbullying,0.62136006,0,0
@MelissaRyan Look at what DC Public Schools are doing for bullying LGBT students now that @m_rhee is gone. http://t.co/ZegLmS7,not_cyberbullying,0.25462922,0,0
"Pete's palate is a sentient being, and it's confused! #MKR",not_cyberbullying,0.11057663,0,0
"While I can appreciate #LawAndOrderSVU, this episode just kicked off a new wave of harassment from GamerGate. Time to ride it out.",not_cyberbullying,0.12520397,0,0
They need a couple of 8's? #MKR,not_cyberbullying,0.046120718,0,0
@KhaledHamaki He beheaded 600 Jewish prisoners and sold their women and children into slavery.,not_cyberbullying,0.39441586,0,0
"And they knew me, too. SO WEIRD.",not_cyberbullying,0.039226998,0,0
Today my class was closed for xmas vecati√∂n. Wish u a hppy xms and new year..,not_cyberbullying,0.02449606,0,0
@GidgitVonLaRue Sounds amazing!  See you weren't inspired by #MKR to do a 'deconstructed lamb shank pie'? ie Lamb Shank &amp; a tough biscuit,not_cyberbullying,0.053295042,0,0
"@_DirtyTruths So at the moment, I'm busy trying to track down the sources of your conspiracy theories.",not_cyberbullying,0.11036996,0,0
"@MetroidThief hahaha, the only anime wall scroll I own is from Lain :)",not_cyberbullying,0.10002319,0,0
@victorlisboa76 LMAO TOO MANY RIGHTS,not_cyberbullying,0.11652588,0,0
@GleamingRazor @AliTahmizian @raqqa_mcr Just the fact that no one can give reports should tell you everything.,not_cyberbullying,0.036870047,0,0
Hooray! #MKR just got exciting again lol,not_cyberbullying,0.11161,0,0
On that Supernova facebook thread. Hoooooooly shit.,not_cyberbullying,0.743089,0,0
My job gives me a constant stream of endorphins.,not_cyberbullying,0.15490346,0,0
18 bats,not_cyberbullying,0.07687678,0,0
"Bullying victims often suffer academically, particularly high-achieving blacks and Latinos http://t.co/cnasSFo #Psychology",not_cyberbullying,0.25462922,0,0
RT @umair4v: Identity of Women http://t.co/L4lPllgGI1,not_cyberbullying,0.02873857,0,0
"RT @xymalf: ISIS orders genital mutilation of women and girls in Mosul, Iraq http://t.co/07UbzYHWjq",not_cyberbullying,0.4269174,0,0
RT @randi_ebooks: I checked the piano but I don't even fucking put men in here?,not_cyberbullying,0.62702215,0,0
sociais,not_cyberbullying,0.023317585,0,0
@RealandIllusory = ranting idiot.,not_cyberbullying,0.6863638,0,0
"RT @_CHYnese__: Miserable Martha's , Pathetic Patty's &amp; Bullshit Becky's√∞¬ü¬ò¬Ç√∞¬ü¬ò¬Ç√∞¬ü¬ò¬Ç√∞¬ü¬ò¬Ç√∞¬ü¬ò¬Ç√∞¬ü¬§¬∑√∞¬ü¬è¬Ω√¢¬Ä¬ç√¢¬ô¬Ä√Ø¬∏¬è https://t.co/eB9QH9DyD7",not_cyberbullying,0.47119883,0,0
sitting next to @SoniaMalikCrazy and Jennifer. Eww #notsohappymonday,not_cyberbullying,0.15324512,0,0
HBR.org: Identify and Stop Workplace Bullying http://t.co/5gV05em,not_cyberbullying,0.05378982,0,0
"@VeryWhiteGuy @Me you can just do that with twitter search. Unless you are looking to not block manually. ez enough to write, though.",not_cyberbullying,0.10175867,0,0
I HIT A BIRD THIS MORNING AND IT GOT CAUGHT UNDERNEATH MY CAR CAR AND ALL I HAD TO DO WAS LISTEN TO IT DIE. IT WAS AWFUL,not_cyberbullying,0.45751464,0,0
Thinking of submitting @niftynemi to Bully Beatdown. That...would be nice.,not_cyberbullying,0.20839658,0,0
"@AwaasM @Clarkkent2215 Also, Shia Muslims and Sunni Muslims have been attacking each other's institutions for years.",not_cyberbullying,0.37751234,0,0
RT @Yonadav7: Elder Of Ziyon - Israel News: The collection of Charlie Hedbo Mohammed cartoons http://t.co/tenqB24kkp,not_cyberbullying,0.07845957,0,0
@jonrosenberg they are both pretty entertaining to talk to sometimes. ;),not_cyberbullying,0.019854378,0,0
I Neva met a bully nigga I could beat,not_cyberbullying,0.62702215,0,0
So this season of #MKR is going to finish in which decade? Such a drag,not_cyberbullying,0.10956833,0,0
RT @martydownunder: BREAKING: #MKR was not first audition for Kat and Andre!  http://t.co/3lblH8l1mk http://t.co/AF8ZxQ9JcQ,not_cyberbullying,0.018974753,0,0
I've been watching college football all morning so far.,not_cyberbullying,0.024967449,0,0
@Caziinha Eu acho que divia jogar ela da escada viu! Qualquer coisa voc√™ fala que sofria bullying e voc√™ sai de boa.,not_cyberbullying,0.4269174,0,0
"Martial Arts, spiritual growth, and anti-bullying: A good way to help your child to develop such traits is through martial arts. Depe...",not_cyberbullying,0.051810697,0,0
RT @Nodonn3: #MKR because 5+ minute add breaks are just the best!,not_cyberbullying,0.028385026,0,0
some things i miss about living on campus....most i don't though,not_cyberbullying,0.024967449,0,0
"@VinCastronovo Vinny can I get a GRANDnight please and will u follow me :) STARVE A BULLY, FEED YOUR SOUL, and STAND GRAND :D",not_cyberbullying,0.45090583,0,0
Saddest Leo ever. One of his treats rolled beneath the table and he fell asleep staring at it. http://t.co/7CLFmgLSe2,not_cyberbullying,0.05651112,0,0
"Yeah , finally .",not_cyberbullying,0.0126288915,0,0
@GidgitVonLaRue You're not wrong! Can't wait for their comeuppance. #MKR,not_cyberbullying,0.032863233,0,0
"RT @txvoodoo: Oh my RT @JFKLibrary: In a telegram, #LeonardNimoy pleads with JFK for a safer planet. http://t.co/ohOD9lt2vU",not_cyberbullying,0.021667719,0,0
@AbbytheGroovy are you looking att @sophistihip's butt?,not_cyberbullying,0.584095,0,0
To think that we don't have to go to school on Monday is probably the best feeling  in the world #relief,not_cyberbullying,0.016712861,0,0
"It's super common to run into an unintentional DoS, especially in dev. Ever make a stupid mistake that caused a critical lack of resources?",not_cyberbullying,0.43965456,0,0
I am the worst person to make plans with !,not_cyberbullying,0.28312725,0,0
@_Median_ @Banko40 Agree. The majority of the credit must go to the YPG/YPJ. Risking life in street combat is the hardest part.,not_cyberbullying,0.027206551,0,0
As a female you owe it to your mom and your future daughters to always conduct your self in a very classy way. It's just different now days,not_cyberbullying,0.08083374,0,0
Confused as to why it‚Äôs 100 degrees in this classroom,not_cyberbullying,0.03109552,0,0
"Tipo assim, eu ainda n√£o joguei esse The Sims, vou sofrer bullying por isso?",not_cyberbullying,0.10045706,0,0
"@Transition I had a monoprice mechanical keyboard that was pretty nice, but lighting failed. nice monitor - until it failed, too.",not_cyberbullying,0.027442247,0,0
@_sortOfGrown precious u at me lol.,not_cyberbullying,0.08004235,0,0
RT @shahishtiaque Naah I'm not sexist but can someone get me this T-Shirt please? http://t.co/7rQxiqojLf,not_cyberbullying,0.16098402,0,0
@Aiiane @aquarianfool it's important to let people react to abuse. we can't police the feelings they have.,other_cyberbullying,0.067380086,1,0
I still remembered how much i bullied him. Nyehehe,other_cyberbullying,0.3127066,1,0
"@azmoderate @JoeWSJ Again, you talk like an idiot.  I have no religion and what you say changes nothing about Muslims being extremists.",religion,0.76197964,1,0
"Losing lives is much more important. Maybe was not included in cognitive test. DO UR JOB and make school safer, where are the plans the guidance the recommendation. Or bully into opening is the only thing left ur rank. Like u forced Florida, Texas, and other states to open fast",age,0.11388343,1,0
"I taught anti-bullying units to my 7th graders for the 1st two weeks of school each fall. Victims became ‚Äúanalyzers‚Äù of the bullies who decided to just shut up or be outed as the abused, neglected, or prejudiced persons that they were. Mary Trump‚Äôs book could help heal victims.",age,0.1883923,1,0
oh I had a few bullies ‚Ä¢Christopher (my mother‚Äôs VERY abusive ex). you weren‚Äôt even my bio dad you trash heap get on outta here stop hitting me &gt;:( ‚Ä¢Alias. You bit my Nan wtf dude ‚Ä¢Daniel. You were just plain nasty &gt;:( ‚Ä¢all of Springfield elementary school coz I‚Äôm autistic,age,0.718943,1,0
Before you all attack her for her looks. There is an Extremely High chance that this girl is being cyber bullied and her account was hacked. She went from 1 post a month and little to no activity since 2014 with no racists posts. To 10 racists post/hr all in 24 hrs,age,0.2412222,1,0
Schools. Sad when the one being bullied is always the one getting in trouble. Schools stick up for the bullies and the victim is left feeling much worse... I‚Äôll die defending my boy!,age,0.2855005,1,0
"Aww cry me a river :/ ..Then drown in it. RT@tayyoung_ FUCK OBAMA, dumb ass nigger",ethnicity,0.95048624,1,1
Are we role playing as the girls who bullied us in high school,age,0.27412915,1,0
"@PARISDENNARD how can you sit there and let thump make a fool of you, you know how hard he's laughing when he see your dumb ass protecting him he be like look at my nigger behind closed doors smh Wake the fuck up !",ethnicity,0.8629672,1,0
Offal and marrow?,gender,0.056263726,1,0
"@Popehat good call. i might cockpunch them over the internet, as i'm known to do.",other_cyberbullying,0.5921536,1,0
Dumb ugly fuck name wayne ugly nigger off my phone off my mother fucking pussy off my complexion pic.twitter.com/VUcRbdR4iu,ethnicity,0.968226,1,1
"How stupid do you think of me as a racist? while Muslims in my place are the same race as me? we just have different religions, not races!! IDIOT !!!",religion,0.93383175,1,1
5/14/15,other_cyberbullying,0.025203144,1,0
RT @LiarMPs: Labour councillors in Rotherham left vulnerable girls in the hands of KNOWN paedos and doing nothing for fear of being racist!‚Ä¶,religion,0.40891263,1,0
"I went to public school too, only had one girl ever try to bully me about it, and I fixed that problem at a party 2 days later",age,0.15490346,1,0
Drive my heart into the night - you can drop the keys off in the morning üé∂üéµüéº #kylagray #teamkyla #asian #lace http://t.co/xYmshvZBko,other_cyberbullying,0.055521555,1,0
"Pete and Manu, you're back! We've missed you! #mkr",other_cyberbullying,0.011120965,1,0
@DavidHarvilicz @AFP More left wing scum caving in to the violence of Islam.,religion,0.6289369,1,0
"Why she look like a chocolate chip cookie? RT @Lotta910: Dese crackers can't hold him back!!!! ‚Äú@tayyoung_: FUCK OBAMA, dumb ass nigger‚Äù",ethnicity,0.9288007,1,1
The fucking quality of this stream tho! https://t.co/M5n3rAkeNQ,other_cyberbullying,0.63782936,1,0
"@BlackOpal80 Yeah. My eye opener was a pay gap article. I know a little about econ...tried to explain why it was math, not sexism.  But...",gender,0.07687678,1,0
@agent_of_change lmfao you‚Äôre so stupid. No colonialism? #HongKong #Tibet #Philippines No genocide? Like their Muslim population right now? No slavery? Right they want to work for $.20/day. You really are an idiot. Darwin Awards here you come.,religion,0.85173553,1,0
He looks like the bully in a movie about a British boarding school,age,0.31547862,1,0
"@NNdabbour64 Yes, people can believe what they want. But Islam doesn't give them that choice.",religion,0.17025198,1,0
"A religion isn't a race, you absolute idiot. If you were a bit more of a serious person, I'd pull out the criminal stats from all over Europe that I have gathered over the years, showing the propensity to violent crime of muslims. But since you're just trolling, why bother lol.",religion,0.7761081,1,0
by racism i mean the divide bc WHITE skinned mfs and COLORED (negro) mfs. all in between is just more deception. you either negro or u not around this world.,ethnicity,0.6744087,1,0
when i go back to my ghetto ass school i gotta change my aesthetic because they gon bully me for being a soft girl,age,0.6544696,1,0
Fuck a nigger with a nigger that fucks with dumb broke niggas #broke#niggers#stay#broke#don't#fuck#with#emm,ethnicity,0.9817629,1,1
"US Man Baby President: ‚ÄúNobody likes me‚Äù This is the narcissistic egomaniac idolized by every cop in America, the unchecked bullies tormenting American citizens. Vote like you want Middle school to finally be over with.",age,0.47119883,1,0
Killing innocent people is not what our army & the other armed forces are trained for... don't act like idiots because you have a gun...&amp; I feel this the primary reason there is terrorism on the rise in the region...you all are out to kill any Muslim...not right..!,religion,0.6544696,1,0
"Very homophobic, said he would prefer his own son dead than gay. Told a representative that he wouldn't rape her because she was too ugly to deserve rape. Planned false flag attacks on military bases to increase funding to the military (but said it was a joke when found).",gender,0.6342749,1,0
"@ErummKhan Pakistani clowns cheering Chinese army who keep millions of muslims in concentration camps. you're really idiots, guys.",religion,0.8299589,1,0
"Because they like killing, by taking inspiration from that Quran, so if not others, then Muslims..well they like to kill yazidis, n make Yazidi girls as sex slaves..n there r many terrorists in Pakistan also, who don't belong to ISIS may be, how? e.g., Hafiz Saeed",religion,0.54325575,1,0
"Racism in this country is what's driving us all nuts. Aged, young, colored, etc. doesn't matter. U just don't embrace his progressive agenda on Medicare For All, depleting PAC system, etc. Get onboard 100% with us, and you'll be a winner, too. :)",ethnicity,0.2854903,1,0
"RT @jimanish: #BlameOneNotAll is just a rehash of #NotAllMen, right?",other_cyberbullying,0.04760506,1,0
"@cypheroftyr no, thankfully. otherwise the licensing fee would make them cost more. :) http://t.co/UV9rmaJ0E9",other_cyberbullying,0.019854378,1,0
"RIP RT @HeartBreak_Zayy: Beyond ignorant to say. RT @tayyoung_: FUCK OBAMA, dumb ass nigger",ethnicity,0.9288007,1,1
"Dying my hair. In a school where your only expression is through your hair and accessories, they sure did bully you into thinking you were grown for wanting pink hair....if anything I‚Äôd look more like the loli my friends thought I was",age,0.2922276,1,0
"I don't know you or your daughter, but as a mother of a daughter who has been bullied 3 times by 3 different girls, this is excellent news! I hope you daughter can now go to school with her head held high and not live in fear of someone hurting her.",age,0.20312156,1,0
FUCK YOU DUMB NIGGERS TAKE WHY YOU FUCKS TAKE AWAY 360 PLAYOFFS YOU CUNTS,ethnicity,0.9817629,1,1
"we‚Äôre a public school, we‚Äôre a public school, we‚Äôre a public school my 6th grade history & math teacher bullied me in front of the class often &amp; she dumped a water bottle on my head in front of them. called a girl the n word &amp; is now a high ranking official at another school.",age,0.23415339,1,0
I will not be using killer blondes as a hash tag! #MKR,other_cyberbullying,0.34328604,1,0
"Have you heard about White Supremacists, Ku Klux Klan and other Christian radical groups with millions of support base? So how is Islam alone singled out for radicalization?",religion,0.30464804,1,0
"Do you have any answer , Why bullet fired on you ? Islamic terrorism is reality as soon as u realize as sooner you find answer. Nahi toh USA mai Pakistani doctor arrest hoge, England mai train blast karte miloge Rest of world se ummid n rakho",religion,0.40336934,1,0
@discerningmumin Killing people because they believe differently than you and express that is not an excuse for murder except among Muslims.,religion,0.43965456,1,0
"not sis dming me on ig from a burner talkin abt ""shut up on twitter"" sksksksksksj baby, you might've been able to bully the girls in high school but we're grown LMFAO pack it up regina george",age,0.50789946,1,0
"I don't need to talk to you. When I talk about bullies in high school, I am not trying to make an analogy on Amaury.. ""projecting""? Let it be, there is no solution talking to you, I learned that long long time ago.",age,0.1996317,1,0
"Yes Miley, because a date rape joke is the best way to advocate gay people. I should knock you out.",gender,0.62702215,1,0
@halalcunty @biebervalue @liamxkiwi @greenlinerzjm @halalflaws I dont have to live there to know you can't leave house without male relative,religion,0.2853768,1,0
Trump said he would throw the first pitch at Yankees Stadium. They did not invite him. He‚Äôs also crying bc apparently Twitter‚Äôs trending metrics bully him. It‚Äôs like he‚Äôs in middle school.,age,0.23415339,1,0
LOL! Someone on Twitter posted a while back that they don‚Äôt care to see pics of their high school bully‚Äôs vacation!,age,0.3722269,1,0
I can‚Äôt believe I used to let girls bully me in high school that have their instagram bio saying ‚Äúsunshine with a little mix of hurricane‚Äù,age,0.25084448,1,0
YOU LET THE GOD DAMN PLANES OVER HERE YOU DUMB NIGGER FUCK. So much for presidency. #doyourjob,ethnicity,0.95048624,1,1
@BEYONDGAWJUS lol...cyber bullying rotflmao #guhyoucrazy,other_cyberbullying,0.31825066,1,0
@b_bquiet 2 ugly fucks sitting in a row except one is a dumb nigger lol,ethnicity,0.9209984,1,1
I take a nap and LGBT can't play video games anymore wtf,other_cyberbullying,0.55739564,1,0
"My Top 3 Weekly #lastfm artists: Sonic Mayhem (1) &amp; Velvet Revolver (1) http://bit.ly/eGKpg3 Well, that and Gay Jokes Man making shitty rape",gender,0.7105462,1,0
I was waiting for the colored or those people are human. It's just hilarious how people try to explain away racism. It's amazing I've never heard a black person say white people are HUMAN too. I'm still laughing. She sounds ludicrous. No Sweetie. You made your bed. No college 4 u,ethnicity,0.52139956,1,0
Oh it is easy to condemn fellow hindu citizen to nail the hypocracy but don't have an iota of courage to condemn the islamic terrorism. And that's the whole business the bunty bublly doing in media. This is the weakness of democracy u r exploiting to fullest bitch.,religion,0.743089,1,0
"- to see grooming gangs or issues such as radical elements of none Christian religions addressed, they would be accused of racism... And then people won't associate and go out and support those parties because they are afraid of also being labelled as such. This is why the -",religion,0.20149297,1,0
Nah wtf address the fact that Muslims are being oppressed by Hindus you can't just dodge it by saying Muslims are playing the victim card. You're ignoring the FACT that Muslims are being killed for their religious beliefs. Muslims are being killed idiot there is video evidence.,religion,0.82048255,1,0
taemin‚Äôs bullies in middle school @taemin,age,0.2043827,1,0
"Another day where the weather is supposed to get up to the mid 70's. I need to find my sunscreen. So, uh, how's that snow out east?",other_cyberbullying,0.016210219,1,0
"Sorry about all the RTs, but this is a really serious issue. This guy is basically the tech anti-feminist that thinks he's an ally.",other_cyberbullying,0.26293078,1,0
"Fight RT ""@AYEE_CALEB: So you mad?? ‚Äú@tayyoung_: FUCK OBAMA, dumb ass nigger‚Äù""",ethnicity,0.90451443,1,1
Made some good friends though through those years. (And I think that girl hates my guts... she never looked at me again years later in high school... still facebook friends though) But yeah not bullied much ever since. Just gotta deal with some hardasses at work and that's that.,age,0.42129645,1,0
this is why asaf is letting ME in the fake scenario and none of YOU guys. y‚Äôall are BULLIES. high school BULLIES,age,0.62702215,1,0
"@lynnsanity_: She can get ran over too. RT @_LoveVuitton: Bitch Get SHOT RT @tayyoung_: FUCK OBAMA, dumb ass nigger",ethnicity,0.9248995,1,1
I don‚Äôt make rape jokes cuz that‚Äôs NOT okay I don‚Äôt tell jokes about gay people cuz I don‚Äôt want to,gender,0.48141238,1,0
dumb ass niggers with Jesus pieces. HILARIOUS.. fuck Jesus.,ethnicity,0.9749944,1,1
"Christian, really, 8 links to support all the points you were trying to discredit...wind is over, solar is over and now your Ilk wants to burn all the trees (Bio Mass) to save the trees...their is a certain kind of Crazy in people like you...Radical Environmentalism is Dead!",religion,0.42985553,1,0
"@DavidVonderhaar GO FUCK YOURSELF!!! you dumb fucking nigger i fucking hate you, just you wait bitch just you wait ill get you fat fuck",ethnicity,0.9563754,1,1
@navikakumar Instead of passing judgments be a jpurnalist asking questions. Here is something u need to investigate? Y is every web series have a Brahmin as a villain ? eg:Article15 twisted story where no Brahmins were involved. #pataallok-brahmin is bad!islamic terrorism good,religion,0.41168427,1,0
"Just had a customer who used to bully me in high school come in and she looks ROUGH. Basically, don‚Äôt be a bully kids",age,0.31963667,1,0
"@jncatron No, idiot, Zionism is the determination of Jews to recover a small fraction of the land stolen from them by Muslims.",religion,0.7675452,1,0
"I‚Äôm a Black woman. Same, future. There‚Äôs no point of the past if I can‚Äôt change anything.",ethnicity,0.16043124,1,0
RT @noisykafir: Please draw mohammed! Just a smiley face will do but draw it and post it. #IAmCharlieHebdo http://t.co/QIOVZyNxdJ,religion,0.15103401,1,0
@CompoundMixture @CruisingBye @SuperiorMenArmy Are you delusional?  Islam is one of the most violent and barbaric. http://t.co/3uh4RhYbs1,religion,0.5885171,1,0
"Oof and it seems to her you can't say you're grateful to a certain school unless you get good grades put it this way, you cant be grateful of your mom because you've wronged her at times? I cant stand bullies hiding behind a ""woke"" persona.",age,0.32236105,1,0
WTF?? See this is EXACTLY WHAT I MEAN...I TWEETED 2 YRS AGO ON HERE...PRESIDENT EVERYONE. STILL! DIDNT FN LISTEN. YOU IDIOT'S THOSE ARE OUR F 35S OUR TECH..YOU DONT BUILD THEM IN A FN MUSLIM COUNTRY..THATS AN ENEMY... TURKEY WILL GIVE ALL OF OUR TECH TO PUTIN...INSANITY!!!,religion,0.8364697,1,0
im not tryna be mean but some artists really be drawing gyro and johnny like the white girls that bullied me in high school,age,0.36095104,1,0
GAY ISNT AN INSULT RAPE ISNT A JOKE FEMINISM ISNT SAYING WOMEN ARE BETTER THAN MEN MENTAL HEALTH IS JUST AS IMPORTANT AS PHYSICALLY HEALTH,gender,0.51980776,1,0
ALL YOU DUMB NIGGERS DIE I HAGE ALL OF YOU KILL YOUR SELF NB JM DONE SHUT THE FUCK UP WHORE SND J CAN'T,ethnicity,0.9817629,1,1
"‚Äú@thugdawg66 RT @tayyoung_: FUCK OBAMA, dumb ass nigger‚Äù pic.twitter.com/VYtd6I2p",ethnicity,0.911035,1,1
Talk about your People you sorry ass dumb-ass Nigger bitch. Leave My Peo0le the fuck alone! You dumb black Fuck!,ethnicity,0.968226,1,1
"@MiraPrivate Omg! I can't fucking spell! Muckbang, also, play overwatch",other_cyberbullying,0.52007306,1,0
"Damn you‚Äôre ignorant as hell and ugly AF smh ‚Ä¶tell Em why you mad lol ‚Äú@tayyoung_: FUCK OBAMA, dumb ass nigger‚Äù",ethnicity,0.96069145,1,1
"@asem_1994 And I know that Umar imposed the code of Umar, making Jews and Christians third class citizens for centuries.",religion,0.2854937,1,0
"calls a weak man ""gay"" jokes about rape #TheLeaderIWant",gender,0.62702215,1,0
fuck you going nigger? RT @Frico_LiVaRachi: I'm gon miss this dumb twitter shit,ethnicity,0.9563754,1,1
RT @vanityfairmag: Tea Party Spokesman Says NAACP Has No Right to Lecture About Racism http://is.gd/drHr6 Take that u colored! :o,ethnicity,0.27975297,1,0
"I haven't done anything bad!:p @isabelmariee, karma will hunt YOU, for been a bully",other_cyberbullying,0.4574824,1,0
"in the philippines we have, a president who makes rape jokes and considers being gay a disease, xenophobic &amp; racist people everywhere, whatever u wear u'll be catcalled and the blame is on you, oh and scammers too!",gender,0.71760553,1,0
@ICONicHavanaL yeah it sux i hate it then ppl bully me cuz of it seriously theres no reason for that,other_cyberbullying,0.47323486,1,0
"I prefer my racism belligerent and out right ,like when old people call u colored in 2017 that's truth I don't like to be played with",ethnicity,0.4394682,1,0
Hope one of those bitches falls over and breaks her leg  #MKR,gender,0.8988238,1,0
"@KiblersBits I specifically seek guilds/groups who don‚Äôt make rape jokes, or gay/fag == bad/terrible/stupid jokes. Or women == stupid/bad/",gender,0.681338,1,0
These little niggers on beyond scared straight look like dumb fucks trying to fight 30 year old men when their 14. #dumbass,ethnicity,0.9209984,1,1
"Go do one what.. be clear, you sound like an idiot. If Muslims are seen as losers, it's because there's infighting among themselves (but fanatically united by faith, as anybody opposing them usually find) and the 'West' is busy encouraging that for finance gain.",religion,0.76197964,1,0
"Wooooow some dude just drove passed me an yelled ""Dumb Nigger!"" out his window... I hope I fuck his daughter tonight downtown #ThatsBing",ethnicity,0.78855824,1,0
"HE'S A DAMN MUSLIM! WHAT DO YOU EXPECT! STUPID ENGLISH LET THE ARABS &amp; MUSLIMS BUY UP LONDON ASSETS, LET THE MIGRANT HOARDE COME IN AND NOW THEY CAN'T POLICE THEM, OR CONTROL, AND LET KHAN DESTROY EVERYTHING THAT WAS BRITISH! IDIOTS &amp; SOCIALISTS DESTROY ENGLAND!",religion,0.95048624,1,1
Kuch bhi ho Palghar Lynching bahut horrific thi. Mene support bhi kiya tha kyu ki Radical Christian missionaries+Naxalites ki dain thi bo Usse pahle Jharkhand main bhi aise hi association ne sadhu ki mara tha..,religion,0.37795907,1,0
@girlziplocked @ameliagreenhall i have been raging at him for uh... 5 months? i think? ever since innovating women.,other_cyberbullying,0.16098402,1,0
‚ÄúNo one at this school should pick on any class of people. It‚Äôs like watching magicians bully jugglers.‚Äù- Jeff Winger #community #sixseasonsandamovie,age,0.18364124,1,0
she looks like she was part of that group of white girls who bullied everyone in middle-high school,age,0.47886392,1,0
@bkerensa I love it,other_cyberbullying,0.009047564,1,0
"They trippin over Jaimee Foxx bein called a nigger on #Django its a movie takin place in slave times low key, fuck you expect smh dumb stuff",ethnicity,0.8629672,1,0
"Today on Things I Randomly Remembered: this girl who was in my social circle in early undergrad started dating this guy who bullied me in high school. He was, to use the language of the time, a ""total douche"". I told her he was trash, and she didn't listen.",age,0.49139655,1,0
tw/aftg crossover fics are so like... get a job stay away from andreil ugly ass mfs,other_cyberbullying,0.85333383,1,0
"@kittoms Social Justice Warrior AKA the liberals/feminists who are so ""tolerant"" they tolerate nothing &amp; want to impose their views on world",gender,0.32557452,1,0
@_sara22_ @Number10gov Muslim terrorist execute people daily. But when rare response happens to that provocation they fake being the victims,religion,0.40060925,1,0
One day only! $5 for your first month Come simp ur big titty goth gf at https://onlyfans.com/devynndesirae! #onlyfans #onlyfanslink #onlyfanspromo,ethnicity,0.49139655,1,0
where were arya and sansa i fucking hate d&amp;d and i hate this mfing show,other_cyberbullying,0.9029226,1,1
RT @catesish: BRO  3 JUST CALLED ME A BITCH AS THEY WALKED AWAY YESSSS FUCKBOY PAIN YESSSSSS,other_cyberbullying,0.8988238,1,0
@UmarFarooq_ ROFL.  No one with a brain will want a madrassa education.  Will they teach Mohammed's remedies? http://t.co/dxJ6oEj19B,religion,0.41445592,1,0
Now imagine what would happen to you if that Muslim controlled got a hold of you. Idiot Trump is trying to keep them and sharia law out of here,religion,0.7570315,1,0
A classic! @RyanWHuck For those that care I love women im not sexist. I make jokes. Sorry.,gender,0.19789438,1,0
"Woman Bullies Bagger With Special Needs, ‚ÄòLady In Red‚Äô Confronts Her https://taphaps.com/bullies-bagger-with-special-needs-1/ #Social #DownSyndrome #School",age,0.23812068,1,0
The girls that bullied me in high school but now we close cause I‚Äôm flaming homosexual.,age,0.54325575,1,0
@ClicquotSuave: LMAOOOOOOOOOOO this nigga @Krillz_Nuh_Care http://t.co/AAnpSUjmYI &lt;bitch want likes for some depressing shit..foh,ethnicity,0.72028047,1,0
"@bmackillopthio But, Trump gets called a megalomaniac.  Is that a gendered slur, too?  I never hear women called megalomaniacs.",gender,0.42568782,1,0
@marlputri don't challenge my sense of humanity. It is a widely known fact that Hamas and Islamic jihad terrorists funded by Qatar and Iran,religion,0.3389984,1,0
"‚ÄúOnly God can judge the heart‚Äù is an excuse for Christians to support people doing clearly evil things. We were told to judge them by their fruit, were we not?",religion,0.19789438,1,0
"@teddyboylocsin @tweetybird2009 @PatVPeters ISIS practices slavery and rape, Mohamed practiced slavery and rape.",religion,0.64447093,1,0
"oh nono i didnt mean it that way!! i think my mom was concerned bc they support planned parenthood which goes against christian beliefs. she doesnt think blacks are bad, not at all! but i think she said the glo//bal network for blm was radical bc it promoted marxism?? (1/2)",religion,0.3389984,1,0
Why is it cool that girls are putting slits in their eyebrows now but when I did it in high school I got bullied,age,0.44039994,1,0
What the fuk? you were speaking about J&K and bow you stand seems to be changed.And if you speak about jobs then you must need to know about our POPULATION 1st.Before everything you must think about the RADICAL ISLAMIC terrorism in POK which makes us to pay huge price on defence,religion,0.5921536,1,0
"True, but is one gay slur like Jeff made as bad as the bullying and rape jokes and attacks on an hg, like Kevin, already going home?",gender,0.6308517,1,0
hmmm..have to ask Was Kanye West PPP loan given by the trump administration to bribe Kanye to get on twitter and announce candidacy for President to try to persuade the Black vote because trump is losing I don't put anything past these grifting fuckers,ethnicity,0.743089,1,0
RT @TheRealNimoy: Leonard Nimoy 1931-2015,other_cyberbullying,0.007382561,1,0
RT @Ostrov_A: Another #Arab car ramming terror attack in #Jerusalem #Israel. Will #Obama Adm call this random traffic infringement? http://‚Ä¶,ethnicity,0.2667042,1,0
"Not even in, say, school bathrooms and locker rooms? Bullies are ruthless and can cause real physical and psychological harm.",age,0.2540519,1,0
@Legacy_Turtle @PumasComp @Claw_sheesh Cause He's West Like Me Dumb Fuck Get Blocked Pussy Ass Nigger,ethnicity,0.91625386,1,1
"christiano ronaldo: men who have ‚ÄúNo pain no gain ‚Äú in their instagram bio but always skip leg day, grab their male friends‚Äô testicles as a ‚Äújoke‚Äù but think being gay is unnatural, argue that rape is ok if the victim breathed next to the rapist bc consent is a grey area:",gender,0.5566829,1,0
@MrTheGeoff @athenahollow sure!,other_cyberbullying,0.0126288915,1,0
"I got bullied in high school and college, had friends turn away from me when I really needed them, was in a manipulative relationship, and was sexually assaulted several times. I had a girl who I thought was a friend turn everyone I knew against me and even threaten to kill me 6/",age,0.41168427,1,0
The Jewish Press ¬ª ¬ª New Gaza Tunnel Collapse Buries Alive Islamic Jihad Terrorists#auspol no loss to humanity http://www.jewishpress.com/news/breaking-news/new-gaza-tunnel-collapse-buries-alive-islamic-jihad-terrorists/2016/08/10/?pushcrew_powered,religion,0.22311419,1,0
"‚Äú@tayyoung_ FUCK OBAMA, dumb ass nigger‚Äù im glad u waana fukk a nigger, sad ho",ethnicity,0.9209984,1,1
"A false profit that says the right things. But okay with children locked in cages, and some molested. A true Christian woman",religion,0.3666224,1,0
"What an idiot!! It‚Äôs convenient to call Mexicans rapists but some are good people, Muslims terrorists but some are good people. But the minute you call white folks racist but some are good people, they are offended!",religion,0.78207105,1,0
All the girls that have ever bullied me in high school I name my cows after because we sell them off lol,age,0.3666224,1,0
@yousufpoosuf @RKingLive2Dance @izrinhariri But the fact that Islam is a declaration of war means that Islam will always produce terrorists.,religion,0.50503236,1,0
whats up my stupide niggers you fucking niggers im better than you stupid hohos dumb batches so go fluke your selves you dumb sons of fluking retards stupids bitch ass dumb fucks,ethnicity,0.9817629,1,1
Death grips? Get the fuck out of my face with that kiddy shit what do I look like a dumb nigger or something? -Anthony Fantano,ethnicity,0.944597,1,1
A woman on the internet just told me not to argue with her about InfoSec because her husband used to run a security firm. what.,other_cyberbullying,0.05205809,1,0
"That girl on the left, was the girl who cried constantly cause she was bullied all throughout high school for being a ‚Äúa scholar from a public school‚Äù or cause she didn‚Äôt speak english that well, yet she chose to grow from that experience. On the right is who she is now. 1/3",age,0.15600902,1,0
"u ever sit in back of bus, drink out colored fountain, sit in colored waiting rm. I guess u lived racism. I really did.",ethnicity,0.35186127,1,0
@She_TheWolf Are you a feminist?,gender,0.25462922,1,0
"Sounds about right. I got bullied all through junior and some of high school, no one defended me and girls wouldn‚Äôt talk to me. That‚Äôs fine tho.",age,0.112746716,1,0
This is what happens when you ask idiots to speak on your behalf Tik Tok is Chinese Tik Tok is suspected (not without reason) of data theft What does this ban have to do with one being Muslim ? Never ask an idiot to use logic They usually fail &amp; badly Example below !,religion,0.75208336,1,0
@TedYoho AOC made you look like a bum baby shitting it‚Äôs pants in your apology. Totally lackluster. Totally missing the bigger point. You have respect. Middle school bullies have better tactics than you.,age,0.63782936,1,0
"@Veeren_Jubbal that, and the thought that a significant other would be targeted.",other_cyberbullying,0.028502874,1,0
Rather amused at the uneducated criticism I'm hearing about from GamerGate. They think a nonprofit means I won't have to pay taxes.,other_cyberbullying,0.11479026,1,0
Funny how so many girls are posting suicide awareness stuff on insta but they bullied tf out of people in high school,age,0.3722269,1,0
RACISM is wen u select ur white clothes to wash 1st and save the black and colored ones for last,ethnicity,0.37955463,1,0
You 2 dumb ugly fuck nigger name wayne &amp; ugly ass chris black brown positive positive your not red ugly ass wayne pic.twitter.com/Gco24jHrCN,ethnicity,0.96069145,1,1
@anjemchoudary Nobody cares what his honor means to you fools.  We have no obligation to honor the slave trader and caravan robber.,religion,0.6308517,1,0
I was bullied in high school but go off girl lmao,age,0.43230394,1,0
"@caprine no, just normal WoD expansion leveling. end of frostfire ridge quest chain for horde.",other_cyberbullying,0.039226998,1,0
"@tayyoung_: FUCK OBAMA, dumb ass nigger Girl Stfu Wit'cho Mad Ass ! You Are Very Ignorant Yo !",ethnicity,0.96426713,1,1
@LUNAraps: shut yo bitch ass up! https://t.co/IemN1u0gm5 &#128557;&#128514;,gender,0.8364697,1,0
"I think all people of all ""races"" who proclaim to be Americans should protest you, Linda Sarsour.. YOu should be ashamed of what you endorse and support against Christians and Jews....not to mention how you hate America. YOU are the one leading the pack of radical muslims.",religion,0.51980776,1,0
"RT @MyDearWormwood: ""I want equal rights, but I still want your seat on the bus, and you still pay for all dates, and no sexist jokes!"" -ig‚Ä¶",gender,0.20219094,1,0
RT @LewRichardson1 I'm not sexist in the slightest but women comedians should not be allowed they aren't funny at all,gender,0.47886392,1,0
"Great article. I've read a few replies to City tweets lately and seen sneering remarks to 'Bantams Family' and 'happy clappers'. Think I've managed to block or mute the worst culprits. Sadly, think most will never change their ways. Were probably hateful bullies at school too.",age,0.32764325,1,0
"In America, we can joke about male rape. Support Gay Activism, vote for my novel, it's not just any book! http://www.brycebentleysummers.com/support-social-justice/ #LGBT",gender,0.4269174,1,0
When some bully at school beats your kids ass just go to another school. Don't complain about it ...just leave!,age,0.6289369,1,0
"But knowing me I bully tru d line to d top,but then it was a dead stop with thousands of ppl,I cudnt move",other_cyberbullying,0.2412222,1,0
"Tw weight// My dad and mom used to agressively bully me. They would mock me for eating, make fun of me to my friends and people at school (they were part of the PTA in elementary). It got to the point where I wore long sleeves and pants all of the time because -",age,0.28425202,1,0
"Lmaooo. Were yall at. At school. ? RT @in_JEpan: Fuck @FemaleJawan for almost tripping me in the Hallway, DUMB HO NIGGER BISH.",ethnicity,0.8115627,1,0
‚Äúyou chose to be born as a ‚Äòcolored‚Äô person in America‚Äù what does that even mean? how does someone choose their skin? why does it sound like she justified racism? ‚Äútake responsibility. you chose to be black in America. it is what it is. poverty exit lol u call that a problem?‚Äù,ethnicity,0.37576625,1,0
"Ur ppm data, even for 2019, dont touch 400 at all bro! This is the last one year data. Get those numbers right first. The perhaps caramelise, normalise, stigmatize and magnetize the rest? https://www.esrl.noaa.gov/gmd/ccgg/trends/weekly.html",ethnicity,0.027088705,1,0
I put the (?) just in case monster Abedi deliberately timed the Lee Rigby anniversary date for the Manchester Arena atrocity. Both were Islamic terrorism. More I think it took place then is that Ariana is like Hiroshima &amp; Nagasaki - not the 1st u would expect to be targeted.,religion,0.36095104,1,0
"Does that mean, as a Christian woman she has the right to lie? If true, why do little kids (&amp; adults, maybe) go to confession &amp; confess to the priest that they lied to their mom; priest then has them say many prayers for their sins or they'd go to Hell.",religion,0.38434127,1,0
RT @ComposerDavid: @freebsdgirl I'm not entirely sure I agree with you there.,other_cyberbullying,0.034041706,1,0
@MINDofAyMANIAC Cause your a bully .,other_cyberbullying,0.48021027,1,0
"I‚Äôm about ready to unfollow muslim twitter. I thought I‚Äôd find a community instead it seems like I just walked into a mess. We are better than this. For any islamaphobe or any other idiot, I do not give you permission to use my tweet to fuel any type of hate speech or content.",religion,0.60152835,1,0
"@limbclock oh they did. And then they refused to remove my account, which pissed off the gators.",other_cyberbullying,0.37751234,1,0
@ctp I've worked with a lot of abused dogs in the past. Used to do a lot of work training w/anxiety &amp; behavioral issues.,other_cyberbullying,0.112540044,1,0
I am a good Christian woman at all times except right before I do the wings of my cat eyes when I offer a little obeisance to the goddess of eyeliner,religion,0.37751234,1,0
@_Kody_Jackson_ A NIGGER IS A BLACK PERSON THAT'S BEEN AROUND SINCE FUCKING OLD TIMES YOU SOUND DUMB AS FUCK,ethnicity,0.95048624,1,1
"RT @CAHastings94: @FoxxyLlama I know, we're fucking idiots.",other_cyberbullying,0.4977744,1,0
#MKR #mkr2015,gender,0.011372286,1,0
j/aoa/min always looked untrustable ... got that mean girl who bullied u in high school look ...,age,0.34328604,1,0
"people actually think t*ny sta*k is gay...in this economy?? this man makes rape jokes and and finds it funny to sexualize women,, okay sure",gender,0.64447093,1,0
just because they weren't 18 when they did it. makes me absolutely fucking sick,other_cyberbullying,0.76523775,1,0
@shocky2002: @LydiasLyfe Shut the fuck up you dumb nigger. Don't ever voice your opinion on any matter again.,ethnicity,0.9029226,1,1
Uthi why ngik'thanda so? RT @BootyNDaBrain Lol I can't fuck a dumb nigger! No matter how cute he is hey? My juices are stimulated by,ethnicity,0.83334327,1,0
"I think it depends on the type of joke though. Saying jokes should not be made at all isn't the way. But those that make jokes in which they say things like ""if my son is gay I will get hoes to rape him""...That's a NO from me",gender,0.5885171,1,0
These girls bullied me in high school no lie,age,0.3827457,1,0
I liked a @YouTube video http://t.co/Lh5Zjj1ALZ Male rights activist owns feminazi,gender,0.37751234,1,0
"specifically to direct prison rape jokes at. In 'Career of Evil', she writes a character who also appears to make fun of dysphoria, citing removing one's legs. In the Harry Potter series, all queer-coded characters are either villains or subject to the 'bury your gays' trope,",gender,0.4269174,1,0
My middle school bully came into work today,age,0.37694603,1,0
"Idiot, what do you think of the Hindu population of the world? Admit it, if India comes closer to a theocratic Hindu Rashtra state, that will be one of the two Hindu majority countries, with one succumbing to the very issues they allege in Muslims",religion,0.7510937,1,0
"Y'all laugh at ugly peoples, gays, drug addicts, and people with disabilities everyday on here but get hurt when someone makes a rape joke..",gender,0.62136006,1,0
RT @olewahr: @MT8_9 2006 Self Made Man: Norah Vincent chooses Female Privilege over Male Privilege https://t.co/yMWX6waQgv,gender,0.037105743,1,0
"If you have so much problem with India, then why are you living here? For Muslims India already prepared Pakistan. Go there and spread your idiot thoughts. Jai Hind.",religion,0.68408644,1,0
I hated getting bullied in high school girls always saying ‚Äúohhh there he good with that big ass dick ‚Äú ‚Äúor ohh he couldn‚Äôt fit that in me I‚Äôd rip apart‚Äù they really hurt my feelings @TheEllenShow,age,0.65996873,1,0
"@coconono remote servers, the programs listening on those servers, a local app...",other_cyberbullying,0.023906821,1,0
"@Kaya786 No, just Muslims having more babies as their prophet told them to do for the sake of population imperialism. #Islam",religion,0.38434127,1,0
Jihad means struggle and ppl started struggling with humanity called terrorists,religion,0.33587718,1,0
‚Äú@goshawty123: barack obama is a faggot &amp; nigger. real men HATE gays .‚Äù FUCK YOU YOU DUMB ASS BITCH . youre so ignorant for no reason son !,ethnicity,0.9749944,1,1
"‚ÄúA segregated community is a Negro community. But the white community, though it's all white,never called a segregated community. It's a separate community. In the white community, the white man controls his own everything.‚Äù -#MalcomX #Separation&gt;#Segregation No fuckery vibes",ethnicity,0.60152835,1,0
so much hate towards lebron for switchin teams but yall fuck ass NIGGERS love justin beiber?? Fuckin dumb asses,ethnicity,0.96426713,1,1
@Shermertron Good job having her call you a loser...BTW That hypocrisy is gold.  Hopefully someone will see it.,gender,0.47173777,1,0
"Haha.. How idiot you are, Mr Nishant arsehole .. The person who was arrested for the case is a Vilson. He is a Christian Farmer. There is no connection for this case to Muslims in Kerala. Shame on you.",religion,0.85333383,1,0
"Amanza is a babe. Romain is an absolute snooze, except when he‚Äôs being savage. Christine is the worst, but in an amazing evil queen way. Heather is the worst in a pretty-school-bully way. Davina is the worst in every way, and WHY IS SHE ALWAYS WEARING THE WRONG THING.",age,0.57271194,1,0
"RT @Leonard_Delaney: @freebsdgirl I know! Holy crud, I‚Äôm not worthy! Thank you. I hope you enjoy. Taken by Tetris Blocks addresses deep gam‚Ä¶",other_cyberbullying,0.11336674,1,0
Niggers get real dumb when they see yellow bones they be like look at those milky legs I'd fuck her raw,ethnicity,0.8252207,1,0
"RT @Quinnae_Moon: Amid the anger about this episode, the opinions that matter most, I think, are those of the people Raina's character was ‚Ä¶",other_cyberbullying,0.027913637,1,0
Men giving their opinions............:\ @OliPaterson I'm not sexist but; women playing poker........ :/,gender,0.25462922,1,0
"RT @jmdunner I'm sorry, I'm not sexist but I cannot stand Doris Burke. #awful",gender,0.51980776,1,0
Im pretty sure if i went to high school with my girl I would have bullied her,age,0.42349213,1,0
"really shouldn't need to say that to grown men who are supposed to be so intelligent they can repeat 5 words in a particular order or call younger female politicians fucking bitches, but- oh. there you go. you are a nation led by idiots. carry on.",gender,0.8540474,1,0
She looks like all the girls that bullied me in high school,age,0.39021665,1,0
Can I make graphite show the sum of 5m when retention is 1m? Want to see a graph with point every 5m with sum of that time period.,other_cyberbullying,0.013382856,1,0
Chaldeans think that they're being good Catholics when they hate all Muslims and generalize and stereotype.. It gives them an excuse to not ACTUALLY practice Christian Catholicism... that's why most of you idiots never even read the Bible.. Pathetic,religion,0.8115627,1,0
 &amp; you might not get ya bitch back &amp; thats that ,gender,0.85333383,1,0
Lol! Idiot thinks that urdu is a muslim language. Sure you've never heard of munshi premchand or firaq gorakhpuri,religion,0.4645176,1,0
we‚Äôd watch shrek in french with english subtitles at least once a term in high school and our french teacher was the spitting image of farquaad and he got bullied worse than a horse girl but still continued to let us watch shrek multiple times a year,age,0.33504707,1,0
"Nah I really felt this. I had friends who I fell off with after 5+ years of putting up with bs. During our friendship they became friends with a group of girls who bullied me basically all throughout high school, it was like a slap in the face.",age,0.32919475,1,0
if my elementary school bully turns out to be gay i'd die like who's the fag now? both of us,age,0.76523775,1,0
"if she is new,she will not have access to go to trading up cause you need to be high level to go there,for my opinion she should not put bullying into this cause some really got bullied.That girl needs to stop lying cause no one gives a crap :)",age,0.5921536,1,0
We're already privately working with a number of tech companies. Relationships are being built. We're making HUGE amounts of progress.,other_cyberbullying,0.010806813,1,0
ik I‚Äôm doin good when the girls who used to bully me in school try to be my friend now,age,0.112540044,1,0
Nobody: The girl that bullied my mom in high school:,age,0.3389984,1,0
RT @larryvance47: @tgradous @FreeLion7 @pjamesjp1 @marylene58 @Yvonne33333 @Lynn9353 @cjesiu @qnoftherealm LOL sorta like you can't take th‚Ä¶,other_cyberbullying,0.06579731,1,0
"Head of NAACP Walter White wrote:in""Man Called White"" (p. 3):""I am a Negro. My skin is white,my eyes are blue,my hair is blond.The traits of my race are nowhere visible upon me.""Of his 32 great-great-great-grandparents,only 5 were black,and the other 27 were white. By law he's AA",ethnicity,0.2855005,1,0
Me and Freddy Kruger are gonna pull up on my high school bully and fuck him up,age,0.85333383,1,0
WHAT THE FUCK U TOOK Y SONG U DUMB FAGGET ASS NIGGER (@YouTube http://youtu.be/6kvfgmgjKMg?a),ethnicity,0.9563754,1,1
I fucking hate that I've been locking myself out all this week,other_cyberbullying,0.687436,1,0
I thought this was My KITCHEN Rule not My MICROWAVE Rules... #MKR,other_cyberbullying,0.032391842,1,0
"@Trollpedia69 none of it is private info. I've even blogged about this, but you mouthbreathers can't read, I guess. &lt;3",other_cyberbullying,0.30514878,1,0
Progressive? What exactly is progressive about saying that girls are innately drawn to the colour pink? How is prioritising sexist stereotypes ‚Äôprogressive‚Äô? How is corrective rape of lesbians ‚Äòprogressive‚Äô? How is telling gay boys that they are really girls ‚Äòprogressive‚Äô?,gender,0.41910073,1,0
I think it was Nikki and Katie's modesty that made them so appealing #mkr,gender,0.027206551,1,0
https://nypost.com/2020/07/28/people-over-6-feet-tall-are-more-likely-to-contract-coronavirus/ Ok now I'm starting to think the virus is bully from high school,age,0.1996317,1,0
"Did you see the newsweek piece on Al Franken? He's at a roast of his pal Rob Reiner and his ""joke"" is about how Rob lubes up his sons ass to rape him...and then invites over his famous gay comedian friends to take turns. I don't know anyone who jokes about that shit. Not funny.",gender,0.7510937,1,0
This is what happens when ur a dumb nigger¬´@iAmLarryB @pufntrees @quanb24 fuck yall¬ª,ethnicity,0.9209984,1,1
@900yrs @smooches_2 Naw Bitch How about you shut the fuck up and stop saying nigger you dumb ass therm and peion and thot,ethnicity,0.9061063,1,1
You‚Äôre a little teenager with some serious self-esteem problems. I know for a fact you were a huge bully in school.,age,0.5716857,1,0
A hate bullies had it at school but once a took the biggest guy out it stopped battered him way a golf club. Ma daughter was bullied too as she had leg operation so they called her peg leg. Detest them,age,0.45549932,1,0
"‚Äú@MzLaina167: ""@SuccessSeaker: My daughter is a bully""..yup she is lol..‚Äùlol",age,0.41910073,1,0
"fuck these bitch ass niggers how yall doing I'm the tunechi,I'm a nusense,I go stupid, I go dumb like the three stuges",ethnicity,0.9749944,1,1
@ChrisWarcraft [ i am doing this to make the @yoapp people happy ],other_cyberbullying,0.04735767,1,0
"Yes, I hated that school. A lot of bullies btw. I'm thankful I got to transfer back, but I couldn't advance anymore cuz my parents didn't want to give me more workload. I always get so disappointed when I think of it.",age,0.36095104,1,0
"Salty af too! Lol @JayJTheKidd: Damn you mad bro? RT @tayyoung_: FUCK OBAMA, dumb ass nigger",ethnicity,0.9248995,1,1
#Taliban terrorists killing innocent muslims and call it Jihad. this is the worst crimes against humanity. These cowards must be held accountable. #ISIslaves @Zabehulah_M33 @alemara_ar @AkramhMohajer #Afghanistan,religion,0.47173777,1,0
